{
  "anchors": [
    2.25,
    2.78,
    2.62,
    3.28,
    3.25,
    4.09,
    4.12,
    5.03,
    1.78,
    2.41
  ],
  "inputs": {
    "input0": [
      224,
      224,
      3
    ]
  },
  "outputs": {
    "output0": [
      7,
      7,
      40
    ]
  },
  "params_quantity": 1863736,
  "loss": [
    [
      1,
      0.60354
    ],
    [
      2,
      0.2538
    ],
    [
      3,
      0.19847
    ],
    [
      4,
      0.23597
    ],
    [
      5,
      0.24743
    ],
    [
      6,
      0.49848
    ],
    [
      7,
      0.08633
    ],
    [
      8,
      0.05526
    ],
    [
      9,
      0.04462
    ],
    [
      10,
      0.03524
    ],
    [
      11,
      0.0322
    ],
    [
      12,
      0.03082
    ],
    [
      13,
      0.02728
    ],
    [
      14,
      0.02749
    ],
    [
      15,
      0.02438
    ],
    [
      16,
      0.02397
    ],
    [
      17,
      0.02178
    ],
    [
      18,
      0.02002
    ],
    [
      19,
      0.0187
    ],
    [
      20,
      0.01742
    ],
    [
      21,
      0.01692
    ],
    [
      22,
      0.01529
    ],
    [
      23,
      0.01638
    ],
    [
      24,
      0.01591
    ],
    [
      25,
      0.01517
    ],
    [
      26,
      0.01364
    ],
    [
      27,
      0.01354
    ],
    [
      28,
      0.01145
    ],
    [
      29,
      0.01151
    ],
    [
      30,
      0.01127
    ],
    [
      31,
      0.01036
    ],
    [
      32,
      0.0098
    ],
    [
      33,
      0.00901
    ],
    [
      34,
      0.009
    ],
    [
      35,
      0.00913
    ],
    [
      36,
      0.01007
    ],
    [
      37,
      0.00944
    ],
    [
      38,
      0.0094
    ],
    [
      39,
      0.00809
    ],
    [
      40,
      0.00731
    ],
    [
      41,
      0.00712
    ],
    [
      42,
      0.00777
    ],
    [
      43,
      0.00728
    ],
    [
      44,
      0.00729
    ],
    [
      45,
      0.00726
    ],
    [
      46,
      0.00643
    ],
    [
      47,
      0.00594
    ],
    [
      48,
      0.0054
    ],
    [
      49,
      0.00515
    ],
    [
      50,
      0.00514
    ],
    [
      51,
      0.00524
    ],
    [
      52,
      0.00484
    ],
    [
      53,
      0.0051
    ],
    [
      54,
      0.00589
    ],
    [
      55,
      0.0053
    ],
    [
      56,
      0.00455
    ],
    [
      57,
      0.00504
    ],
    [
      58,
      0.00478
    ],
    [
      59,
      0.00465
    ],
    [
      60,
      0.00389
    ],
    [
      61,
      0.00366
    ],
    [
      62,
      0.00444
    ],
    [
      63,
      0.00368
    ],
    [
      64,
      0.00365
    ],
    [
      65,
      0.00349
    ],
    [
      66,
      0.00328
    ],
    [
      67,
      0.0033
    ],
    [
      68,
      0.003
    ],
    [
      69,
      0.00307
    ],
    [
      70,
      0.00365
    ],
    [
      71,
      0.00338
    ],
    [
      72,
      0.00288
    ],
    [
      73,
      0.00252
    ],
    [
      74,
      0.00261
    ],
    [
      75,
      0.00264
    ],
    [
      76,
      0.00246
    ],
    [
      77,
      0.0024
    ],
    [
      78,
      0.00258
    ],
    [
      79,
      0.00254
    ],
    [
      80,
      0.00251
    ],
    [
      81,
      0.00256
    ],
    [
      82,
      0.00256
    ],
    [
      83,
      0.00251
    ],
    [
      84,
      0.00272
    ],
    [
      85,
      0.00278
    ],
    [
      86,
      0.00253
    ],
    [
      87,
      0.00227
    ],
    [
      88,
      0.00217
    ],
    [
      89,
      0.00225
    ],
    [
      90,
      0.00193
    ],
    [
      91,
      0.00209
    ],
    [
      92,
      0.00198
    ],
    [
      93,
      0.0021
    ],
    [
      94,
      0.00201
    ],
    [
      95,
      0.00177
    ],
    [
      96,
      0.00166
    ],
    [
      97,
      0.00155
    ],
    [
      98,
      0.00175
    ],
    [
      99,
      0.00168
    ],
    [
      100,
      0.00169
    ]
  ],
  "acc": [
    [
      1,
      0.43047
    ],
    [
      2,
      0.51434
    ],
    [
      3,
      0.54344
    ],
    [
      4,
      0.5569
    ],
    [
      5,
      0.55559
    ],
    [
      6,
      0.30045
    ],
    [
      7,
      0.31265
    ],
    [
      8,
      0.31522
    ],
    [
      9,
      0.31948
    ],
    [
      10,
      0.32116
    ],
    [
      11,
      0.32129
    ],
    [
      12,
      0.32012
    ],
    [
      13,
      0.32217
    ],
    [
      14,
      0.32016
    ],
    [
      15,
      0.32097
    ],
    [
      16,
      0.32175
    ],
    [
      17,
      0.32329
    ],
    [
      18,
      0.32256
    ],
    [
      19,
      0.3252
    ],
    [
      20,
      0.32354
    ],
    [
      21,
      0.32585
    ],
    [
      22,
      0.32669
    ],
    [
      23,
      0.32606
    ],
    [
      24,
      0.32608
    ],
    [
      25,
      0.32606
    ],
    [
      26,
      0.32716
    ],
    [
      27,
      0.32739
    ],
    [
      28,
      0.32646
    ],
    [
      29,
      0.32545
    ],
    [
      30,
      0.32489
    ],
    [
      31,
      0.32516
    ],
    [
      32,
      0.32393
    ],
    [
      33,
      0.32712
    ],
    [
      34,
      0.32598
    ],
    [
      35,
      0.32743
    ],
    [
      36,
      0.32799
    ],
    [
      37,
      0.33099
    ],
    [
      38,
      0.32991
    ],
    [
      39,
      0.32802
    ],
    [
      40,
      0.32898
    ],
    [
      41,
      0.32977
    ],
    [
      42,
      0.33236
    ],
    [
      43,
      0.33156
    ],
    [
      44,
      0.33262
    ],
    [
      45,
      0.33184
    ],
    [
      46,
      0.33236
    ],
    [
      47,
      0.33274
    ],
    [
      48,
      0.33145
    ],
    [
      49,
      0.33126
    ],
    [
      50,
      0.33118
    ],
    [
      51,
      0.33362
    ],
    [
      52,
      0.33104
    ],
    [
      53,
      0.33391
    ],
    [
      54,
      0.3336
    ],
    [
      55,
      0.33226
    ],
    [
      56,
      0.33317
    ],
    [
      57,
      0.33342
    ],
    [
      58,
      0.33304
    ],
    [
      59,
      0.33012
    ],
    [
      60,
      0.33142
    ],
    [
      61,
      0.33013
    ],
    [
      62,
      0.33132
    ],
    [
      63,
      0.33241
    ],
    [
      64,
      0.33462
    ],
    [
      65,
      0.33366
    ],
    [
      66,
      0.33378
    ],
    [
      67,
      0.33476
    ],
    [
      68,
      0.33387
    ],
    [
      69,
      0.33267
    ],
    [
      70,
      0.33393
    ],
    [
      71,
      0.33359
    ],
    [
      72,
      0.33499
    ],
    [
      73,
      0.33506
    ],
    [
      74,
      0.33495
    ],
    [
      75,
      0.33544
    ],
    [
      76,
      0.33819
    ],
    [
      77,
      0.33776
    ],
    [
      78,
      0.33835
    ],
    [
      79,
      0.33981
    ],
    [
      80,
      0.34012
    ],
    [
      81,
      0.33926
    ],
    [
      82,
      0.33796
    ],
    [
      83,
      0.33779
    ],
    [
      84,
      0.33748
    ],
    [
      85,
      0.33784
    ],
    [
      86,
      0.33706
    ],
    [
      87,
      0.33748
    ],
    [
      88,
      0.33509
    ],
    [
      89,
      0.33867
    ],
    [
      90,
      0.33827
    ],
    [
      91,
      0.33934
    ],
    [
      92,
      0.33689
    ],
    [
      93,
      0.33677
    ],
    [
      94,
      0.3379
    ],
    [
      95,
      0.33826
    ],
    [
      96,
      0.33773
    ],
    [
      97,
      0.33711
    ],
    [
      98,
      0.33598
    ],
    [
      99,
      0.33742
    ],
    [
      100,
      0.33644
    ]
  ],