{
  "anchors": [
    2.06,
    2.62,
    3.06,
    3.91,
    4.38,
    5.34,
    2.53,
    3.16,
    3.59,
    4.53
  ],
  "inputs": {
    "input0": [
      224,
      224,
      3
    ]
  },
  "outputs": {
    "output0": [
      7,
      7,
      40
    ]
  },
  "params_quantity": 1863736,
  "loss": [
    [
      1,
      0.4611
    ],
    [
      2,
      0.42038
    ],
    [
      3,
      0.61231
    ],
    [
      4,
      0.53382
    ],
    [
      5,
      0.39443
    ],
    [
      6,
      0.64726
    ],
    [
      7,
      0.07456
    ],
    [
      8,
      0.0475
    ],
    [
      9,
      0.04138
    ],
    [
      10,
      0.03792
    ],
    [
      11,
      0.0305
    ],
    [
      12,
      0.02892
    ],
    [
      13,
      0.02782
    ],
    [
      14,
      0.02438
    ],
    [
      15,
      0.02485
    ],
    [
      16,
      0.02295
    ],
    [
      17,
      0.01994
    ],
    [
      18,
      0.02056
    ],
    [
      19,
      0.01902
    ],
    [
      20,
      0.01728
    ],
    [
      21,
      0.0173
    ],
    [
      22,
      0.01624
    ],
    [
      23,
      0.01469
    ],
    [
      24,
      0.01463
    ],
    [
      25,
      0.0138
    ],
    [
      26,
      0.01263
    ],
    [
      27,
      0.01241
    ],
    [
      28,
      0.0112
    ],
    [
      29,
      0.01179
    ],
    [
      30,
      0.01141
    ],
    [
      31,
      0.0132
    ],
    [
      32,
      0.01057
    ],
    [
      33,
      0.00932
    ],
    [
      34,
      0.00912
    ],
    [
      35,
      0.00851
    ],
    [
      36,
      0.00931
    ],
    [
      37,
      0.00912
    ],
    [
      38,
      0.00871
    ],
    [
      39,
      0.00793
    ],
    [
      40,
      0.00818
    ],
    [
      41,
      0.007
    ],
    [
      42,
      0.00784
    ],
    [
      43,
      0.00692
    ],
    [
      44,
      0.00681
    ],
    [
      45,
      0.00753
    ],
    [
      46,
      0.00641
    ],
    [
      47,
      0.00627
    ],
    [
      48,
      0.00585
    ],
    [
      49,
      0.00589
    ],
    [
      50,
      0.00537
    ],
    [
      51,
      0.0057
    ],
    [
      52,
      0.00621
    ],
    [
      53,
      0.00603
    ],
    [
      54,
      0.00626
    ],
    [
      55,
      0.00529
    ],
    [
      56,
      0.00496
    ],
    [
      57,
      0.00501
    ],
    [
      58,
      0.00583
    ],
    [
      59,
      0.005
    ],
    [
      60,
      0.00491
    ],
    [
      61,
      0.00443
    ],
    [
      62,
      0.00429
    ],
    [
      63,
      0.00404
    ],
    [
      64,
      0.00357
    ],
    [
      65,
      0.00359
    ],
    [
      66,
      0.00391
    ],
    [
      67,
      0.00372
    ],
    [
      68,
      0.00355
    ],
    [
      69,
      0.0033
    ],
    [
      70,
      0.00351
    ],
    [
      71,
      0.00327
    ],
    [
      72,
      0.00324
    ],
    [
      73,
      0.00315
    ],
    [
      74,
      0.00314
    ],
    [
      75,
      0.00305
    ],
    [
      76,
      0.00293
    ],
    [
      77,
      0.00286
    ],
    [
      78,
      0.00289
    ],
    [
      79,
      0.00283
    ],
    [
      80,
      0.00265
    ],
    [
      81,
      0.00285
    ],
    [
      82,
      0.00248
    ],
    [
      83,
      0.00261
    ],
    [
      84,
      0.00255
    ],
    [
      85,
      0.00224
    ],
    [
      86,
      0.00239
    ],
    [
      87,
      0.0024
    ],
    [
      88,
      0.00262
    ],
    [
      89,
      0.00242
    ],
    [
      90,
      0.00227
    ],
    [
      91,
      0.00253
    ],
    [
      92,
      0.00214
    ],
    [
      93,
      0.0022
    ],
    [
      94,
      0.00196
    ],
    [
      95,
      0.0021
    ],
    [
      96,
      0.00213
    ],
    [
      97,
      0.00201
    ],
    [
      98,
      0.0019
    ],
    [
      99,
      0.00184
    ],
    [
      100,
      0.00193
    ]
  ],
  "acc": [
    [
      1,
      0.44811
    ],
    [
      2,
      0.53159
    ],
    [
      3,
      0.55376
    ],
    [
      4,
      0.55355
    ],
    [
      5,
      0.54134
    ],
    [
      6,
      0.48121
    ],
    [
      7,
      0.46355
    ],
    [
      8,
      0.45448
    ],
    [
      9,
      0.45747
    ],
    [
      10,
      0.45912
    ],
    [
      11,
      0.45926
    ],
    [
      12,
      0.45999
    ],
    [
      13,
      0.46135
    ],
    [
      14,
      0.4619
    ],
    [
      15,
      0.46028
    ],
    [
      16,
      0.46171
    ],
    [
      17,
      0.4638
    ],
    [
      18,
      0.4626
    ],
    [
      19,
      0.46388
    ],
    [
      20,
      0.46529
    ],
    [
      21,
      0.46432
    ],
    [
      22,
      0.46496
    ],
    [
      23,
      0.46541
    ],
    [
      24,
      0.46827
    ],
    [
      25,
      0.46806
    ],
    [
      26,
      0.46774
    ],
    [
      27,
      0.46815
    ],
    [
      28,
      0.46568
    ],
    [
      29,
      0.4669
    ],
    [
      30,
      0.46918
    ],
    [
      31,
      0.4691
    ],
    [
      32,
      0.46756
    ],
    [
      33,
      0.4652
    ],
    [
      34,
      0.4644
    ],
    [
      35,
      0.46477
    ],
    [
      36,
      0.46807
    ],
    [
      37,
      0.46871
    ],
    [
      38,
      0.47031
    ],
    [
      39,
      0.4683
    ],
    [
      40,
      0.4689
    ],
    [
      41,
      0.46897
    ],
    [
      42,
      0.46748
    ],
    [
      43,
      0.47042
    ],
    [
      44,
      0.46968
    ],
    [
      45,
      0.47215
    ],
    [
      46,
      0.47176
    ],
    [
      47,
      0.47147
    ],
    [
      48,
      0.4734
    ],
    [
      49,
      0.47227
    ],
    [
      50,
      0.4735
    ],
    [
      51,
      0.47714
    ],
    [
      52,
      0.47711
    ],
    [
      53,
      0.47612
    ],
    [
      54,
      0.47582
    ],
    [
      55,
      0.47583
    ],
    [
      56,
      0.47597
    ],
    [
      57,
      0.47846
    ],
    [
      58,
      0.47725
    ],
    [
      59,
      0.47883
    ],
    [
      60,
      0.47705
    ],
    [
      61,
      0.4796
    ],
    [
      62,
      0.47969
    ],
    [
      63,
      0.4804
    ],
    [
      64,
      0.48034
    ],
    [
      65,
      0.47971
    ],
    [
      66,
      0.47855
    ],
    [
      67,
      0.48127
    ],
    [
      68,
      0.48369
    ],
    [
      69,
      0.48312
    ],
    [
      70,
      0.48418
    ],
    [
      71,
      0.48468
    ],
    [
      72,
      0.48361
    ],
    [
      73,
      0.48527
    ],
    [
      74,
      0.48253
    ],
    [
      75,
      0.48379
    ],
    [
      76,
      0.48254
    ],
    [
      77,
      0.48317
    ],
    [
      78,
      0.48263
    ],
    [
      79,
      0.48325
    ],
    [
      80,
      0.48432
    ],
    [
      81,
      0.48613
    ],
    [
      82,
      0.48587
    ],
    [
      83,
      0.48672
    ],
    [
      84,
      0.48522
    ],
    [
      85,
      0.48488
    ],
    [
      86,
      0.48569
    ],
    [
      87,
      0.48541
    ],
    [
      88,
      0.48452
    ],
    [
      89,
      0.48484
    ],
    [
      90,
      0.4821
    ],
    [
      91,
      0.48345
    ],
    [
      92,
      0.48398
    ],
    [
      93,
      0.48507
    ],
    [
      94,
      0.48454
    ],
    [
      95,
      0.48423
    ],
    [
      96,
      0.48338
    ],
    [
      97,
      0.48415
    ],
    [
      98,
      0.48429
    ],
    [
      99,
      0.48516
    ],
    [
      100,
      0.48626
    ]
  ],