{
  "anchors": [
    2.06,
    2.62,
    4.34,
    5.28,
    3.0,
    3.81,
    3.53,
    4.44,
    2.5,
    3.12
  ],
  "inputs": {
    "input0": [
      224,
      224,
      3
    ]
  },
  "outputs": {
    "output0": [
      7,
      7,
      40
    ]
  },
  "params_quantity": 1863736,
  "loss": [
    [
      1,
      0.46708
    ],
    [
      2,
      0.42478
    ],
    [
      3,
      0.46946
    ],
    [
      4,
      0.34087
    ],
    [
      5,
      0.33289
    ],
    [
      6,
      0.63143
    ],
    [
      7,
      0.07285
    ],
    [
      8,
      0.05063
    ],
    [
      9,
      0.04097
    ],
    [
      10,
      0.03731
    ],
    [
      11,
      0.03551
    ],
    [
      12,
      0.03005
    ],
    [
      13,
      0.03026
    ],
    [
      14,
      0.02683
    ],
    [
      15,
      0.02277
    ],
    [
      16,
      0.02301
    ],
    [
      17,
      0.02132
    ],
    [
      18,
      0.01967
    ],
    [
      19,
      0.0191
    ],
    [
      20,
      0.01726
    ],
    [
      21,
      0.01542
    ],
    [
      22,
      0.01514
    ],
    [
      23,
      0.01474
    ],
    [
      24,
      0.01355
    ],
    [
      25,
      0.01339
    ],
    [
      26,
      0.01365
    ],
    [
      27,
      0.01322
    ],
    [
      28,
      0.01164
    ],
    [
      29,
      0.01173
    ],
    [
      30,
      0.01017
    ],
    [
      31,
      0.01008
    ],
    [
      32,
      0.00961
    ],
    [
      33,
      0.00967
    ],
    [
      34,
      0.00973
    ],
    [
      35,
      0.01016
    ],
    [
      36,
      0.00871
    ],
    [
      37,
      0.00831
    ],
    [
      38,
      0.00762
    ],
    [
      39,
      0.00845
    ],
    [
      40,
      0.00859
    ],
    [
      41,
      0.00714
    ],
    [
      42,
      0.0067
    ],
    [
      43,
      0.00634
    ],
    [
      44,
      0.00685
    ],
    [
      45,
      0.00631
    ],
    [
      46,
      0.00625
    ],
    [
      47,
      0.00681
    ],
    [
      48,
      0.0067
    ],
    [
      49,
      0.0059
    ],
    [
      50,
      0.00525
    ],
    [
      51,
      0.00505
    ],
    [
      52,
      0.00549
    ],
    [
      53,
      0.00609
    ],
    [
      54,
      0.005
    ],
    [
      55,
      0.0047
    ],
    [
      56,
      0.00469
    ],
    [
      57,
      0.00444
    ],
    [
      58,
      0.00432
    ],
    [
      59,
      0.00455
    ],
    [
      60,
      0.00485
    ],
    [
      61,
      0.0051
    ],
    [
      62,
      0.00511
    ],
    [
      63,
      0.00394
    ],
    [
      64,
      0.00381
    ],
    [
      65,
      0.00404
    ],
    [
      66,
      0.00395
    ],
    [
      67,
      0.00312
    ],
    [
      68,
      0.00353
    ],
    [
      69,
      0.00351
    ],
    [
      70,
      0.00325
    ],
    [
      71,
      0.00318
    ],
    [
      72,
      0.00321
    ],
    [
      73,
      0.00302
    ],
    [
      74,
      0.00316
    ],
    [
      75,
      0.00297
    ],
    [
      76,
      0.0033
    ],
    [
      77,
      0.00278
    ],
    [
      78,
      0.00309
    ],
    [
      79,
      0.00278
    ],
    [
      80,
      0.00274
    ],
    [
      81,
      0.00255
    ],
    [
      82,
      0.00234
    ],
    [
      83,
      0.00253
    ],
    [
      84,
      0.00231
    ],
    [
      85,
      0.00223
    ],
    [
      86,
      0.00226
    ],
    [
      87,
      0.00242
    ],
    [
      88,
      0.00224
    ],
    [
      89,
      0.00213
    ],
    [
      90,
      0.00225
    ],
    [
      91,
      0.00223
    ],
    [
      92,
      0.00218
    ],
    [
      93,
      0.00224
    ],
    [
      94,
      0.00217
    ],
    [
      95,
      0.00212
    ],
    [
      96,
      0.00222
    ],
    [
      97,
      0.00209
    ],
    [
      98,
      0.00199
    ],
    [
      99,
      0.00178
    ],
    [
      100,
      0.00167
    ]
  ],
  "acc": [
    [
      1,
      0.44393
    ],
    [
      2,
      0.55655
    ],
    [
      3,
      0.57491
    ],
    [
      4,
      0.5664
    ],
    [
      5,
      0.56215
    ],
    [
      6,
      0.35671
    ],
    [
      7,
      0.37151
    ],
    [
      8,
      0.37363
    ],
    [
      9,
      0.38347
    ],
    [
      10,
      0.37961
    ],
    [
      11,
      0.37946
    ],
    [
      12,
      0.38025
    ],
    [
      13,
      0.38307
    ],
    [
      14,
      0.38903
    ],
    [
      15,
      0.3886
    ],
    [
      16,
      0.38337
    ],
    [
      17,
      0.38658
    ],
    [
      18,
      0.38259
    ],
    [
      19,
      0.38511
    ],
    [
      20,
      0.38866
    ],
    [
      21,
      0.39012
    ],
    [
      22,
      0.38862
    ],
    [
      23,
      0.38934
    ],
    [
      24,
      0.39318
    ],
    [
      25,
      0.39436
    ],
    [
      26,
      0.394
    ],
    [
      27,
      0.39169
    ],
    [
      28,
      0.3935
    ],
    [
      29,
      0.3919
    ],
    [
      30,
      0.39367
    ],
    [
      31,
      0.39478
    ],
    [
      32,
      0.39463
    ],
    [
      33,
      0.39475
    ],
    [
      34,
      0.39588
    ],
    [
      35,
      0.39785
    ],
    [
      36,
      0.3983
    ],
    [
      37,
      0.3984
    ],
    [
      38,
      0.39768
    ],
    [
      39,
      0.3992
    ],
    [
      40,
      0.40092
    ],
    [
      41,
      0.40019
    ],
    [
      42,
      0.40296
    ],
    [
      43,
      0.40247
    ],
    [
      44,
      0.40595
    ],
    [
      45,
      0.40533
    ],
    [
      46,
      0.40589
    ],
    [
      47,
      0.4074
    ],
    [
      48,
      0.40624
    ],
    [
      49,
      0.40541
    ],
    [
      50,
      0.40555
    ],
    [
      51,
      0.40733
    ],
    [
      52,
      0.40633
    ],
    [
      53,
      0.40545
    ],
    [
      54,
      0.40536
    ],
    [
      55,
      0.40434
    ],
    [
      56,
      0.40276
    ],
    [
      57,
      0.40493
    ],
    [
      58,
      0.40683
    ],
    [
      59,
      0.40512
    ],
    [
      60,
      0.40514
    ],
    [
      61,
      0.40339
    ],
    [
      62,
      0.40638
    ],
    [
      63,
      0.40478
    ],
    [
      64,
      0.40567
    ],
    [
      65,
      0.40582
    ],
    [
      66,
      0.40484
    ],
    [
      67,
      0.40382
    ],
    [
      68,
      0.40248
    ],
    [
      69,
      0.40139
    ],
    [
      70,
      0.40169
    ],
    [
      71,
      0.40215
    ],
    [
      72,
      0.40372
    ],
    [
      73,
      0.40283
    ],
    [
      74,
      0.40207
    ],
    [
      75,
      0.40375
    ],
    [
      76,
      0.40301
    ],
    [
      77,
      0.40267
    ],
    [
      78,
      0.4047
    ],
    [
      79,
      0.4037
    ],
    [
      80,
      0.40429
    ],
    [
      81,
      0.40621
    ],
    [
      82,
      0.40642
    ],
    [
      83,
      0.40627
    ],
    [
      84,
      0.4056
    ],
    [
      85,
      0.40472
    ],
    [
      86,
      0.40574
    ],
    [
      87,
      0.4062
    ],
    [
      88,
      0.40537
    ],
    [
      89,
      0.40637
    ],
    [
      90,
      0.40567
    ],
    [
      91,
      0.40579
    ],
    [
      92,
      0.40608
    ],
    [
      93,
      0.4067
    ],
    [
      94,
      0.40583
    ],
    [
      95,
      0.40674
    ],
    [
      96,
      0.40537
    ],
    [
      97,
      0.40629
    ],
    [
      98,
      0.40592
    ],
    [
      99,
      0.4039
    ],
    [
      100,
      0.40418
    ]
  ],