{
  "anchors": [
    3.28,
    4.16,
    4.09,
    5.02,
    2.66,
    3.28,
    1.78,
    2.41,
    2.25,
    2.75
  ],
  "inputs": {
    "input0": [
      224,
      224,
      3
    ]
  },
  "outputs": {
    "output0": [
      7,
      7,
      40
    ]
  },
  "params_quantity": 1863736,
  "loss": [
    [
      1,
      0.57173
    ],
    [
      2,
      0.16267
    ],
    [
      3,
      0.19778
    ],
    [
      4,
      0.24054
    ],
    [
      5,
      0.28726
    ],
    [
      6,
      0.81774
    ],
    [
      7,
      0.09131
    ],
    [
      8,
      0.05666
    ],
    [
      9,
      0.05498
    ],
    [
      10,
      0.03916
    ],
    [
      11,
      0.0371
    ],
    [
      12,
      0.02934
    ],
    [
      13,
      0.02747
    ],
    [
      14,
      0.02383
    ],
    [
      15,
      0.02585
    ],
    [
      16,
      0.02636
    ],
    [
      17,
      0.02061
    ],
    [
      18,
      0.01937
    ],
    [
      19,
      0.0175
    ],
    [
      20,
      0.01843
    ],
    [
      21,
      0.01685
    ],
    [
      22,
      0.01634
    ],
    [
      23,
      0.01565
    ],
    [
      24,
      0.01804
    ],
    [
      25,
      0.01622
    ],
    [
      26,
      0.01328
    ],
    [
      27,
      0.01375
    ],
    [
      28,
      0.01302
    ],
    [
      29,
      0.01178
    ],
    [
      30,
      0.01156
    ],
    [
      31,
      0.01027
    ],
    [
      32,
      0.01029
    ],
    [
      33,
      0.01063
    ],
    [
      34,
      0.01127
    ],
    [
      35,
      0.00968
    ],
    [
      36,
      0.009
    ],
    [
      37,
      0.00834
    ],
    [
      38,
      0.00764
    ],
    [
      39,
      0.00752
    ],
    [
      40,
      0.00746
    ],
    [
      41,
      0.00683
    ],
    [
      42,
      0.00768
    ],
    [
      43,
      0.00743
    ],
    [
      44,
      0.00691
    ],
    [
      45,
      0.00629
    ],
    [
      46,
      0.00688
    ],
    [
      47,
      0.00695
    ],
    [
      48,
      0.0067
    ],
    [
      49,
      0.00675
    ],
    [
      50,
      0.00711
    ],
    [
      51,
      0.00672
    ],
    [
      52,
      0.00561
    ],
    [
      53,
      0.00572
    ],
    [
      54,
      0.00592
    ],
    [
      55,
      0.00508
    ],
    [
      56,
      0.00533
    ],
    [
      57,
      0.00465
    ],
    [
      58,
      0.0049
    ],
    [
      59,
      0.00493
    ],
    [
      60,
      0.00446
    ],
    [
      61,
      0.00425
    ],
    [
      62,
      0.00421
    ],
    [
      63,
      0.00412
    ],
    [
      64,
      0.00403
    ],
    [
      65,
      0.00566
    ],
    [
      66,
      0.00461
    ],
    [
      67,
      0.00438
    ],
    [
      68,
      0.00427
    ],
    [
      69,
      0.0045
    ],
    [
      70,
      0.00395
    ],
    [
      71,
      0.00408
    ],
    [
      72,
      0.00372
    ],
    [
      73,
      0.00342
    ],
    [
      74,
      0.00313
    ],
    [
      75,
      0.00315
    ],
    [
      76,
      0.00339
    ],
    [
      77,
      0.00333
    ],
    [
      78,
      0.0032
    ],
    [
      79,
      0.00357
    ],
    [
      80,
      0.00393
    ],
    [
      81,
      0.00331
    ],
    [
      82,
      0.00296
    ],
    [
      83,
      0.00316
    ],
    [
      84,
      0.00296
    ],
    [
      85,
      0.00265
    ],
    [
      86,
      0.00266
    ],
    [
      87,
      0.00278
    ],
    [
      88,
      0.00274
    ],
    [
      89,
      0.00316
    ],
    [
      90,
      0.00262
    ],
    [
      91,
      0.00225
    ],
    [
      92,
      0.00242
    ],
    [
      93,
      0.00263
    ],
    [
      94,
      0.00379
    ],
    [
      95,
      0.00256
    ],
    [
      96,
      0.00244
    ],
    [
      97,
      0.00223
    ],
    [
      98,
      0.00227
    ],
    [
      99,
      0.00241
    ],
    [
      100,
      0.00255
    ]
  ],
  "acc": [
    [
      1,
      0.43696
    ],
    [
      2,
      0.53337
    ],
    [
      3,
      0.57202
    ],
    [
      4,
      0.56816
    ],
    [
      5,
      0.5635
    ],
    [
      6,
      0.27142
    ],
    [
      7,
      0.27761
    ],
    [
      8,
      0.28455
    ],
    [
      9,
      0.28476
    ],
    [
      10,
      0.28566
    ],
    [
      11,
      0.28827
    ],
    [
      12,
      0.29013
    ],
    [
      13,
      0.28948
    ],
    [
      14,
      0.29002
    ],
    [
      15,
      0.28869
    ],
    [
      16,
      0.28706
    ],
    [
      17,
      0.28662
    ],
    [
      18,
      0.28609
    ],
    [
      19,
      0.28573
    ],
    [
      20,
      0.28846
    ],
    [
      21,
      0.28869
    ],
    [
      22,
      0.28764
    ],
    [
      23,
      0.28773
    ],
    [
      24,
      0.28839
    ],
    [
      25,
      0.28803
    ],
    [
      26,
      0.2877
    ],
    [
      27,
      0.28653
    ],
    [
      28,
      0.28682
    ],
    [
      29,
      0.28661
    ],
    [
      30,
      0.2885
    ],
    [
      31,
      0.28763
    ],
    [
      32,
      0.28681
    ],
    [
      33,
      0.28775
    ],
    [
      34,
      0.28648
    ],
    [
      35,
      0.28687
    ],
    [
      36,
      0.28757
    ],
    [
      37,
      0.28743
    ],
    [
      38,
      0.28738
    ],
    [
      39,
      0.28587
    ],
    [
      40,
      0.28549
    ],
    [
      41,
      0.2846
    ],
    [
      42,
      0.28358
    ],
    [
      43,
      0.28496
    ],
    [
      44,
      0.28454
    ],
    [
      45,
      0.28387
    ],
    [
      46,
      0.28515
    ],
    [
      47,
      0.28403
    ],
    [
      48,
      0.28457
    ],
    [
      49,
      0.28421
    ],
    [
      50,
      0.28478
    ],
    [
      51,
      0.28522
    ],
    [
      52,
      0.28474
    ],
    [
      53,
      0.28471
    ],
    [
      54,
      0.28496
    ],
    [
      55,
      0.28508
    ],
    [
      56,
      0.28494
    ],
    [
      57,
      0.28507
    ],
    [
      58,
      0.28566
    ],
    [
      59,
      0.28501
    ],
    [
      60,
      0.28536
    ],
    [
      61,
      0.28578
    ],
    [
      62,
      0.28543
    ],
    [
      63,
      0.28542
    ],
    [
      64,
      0.28523
    ],
    [
      65,
      0.28515
    ],
    [
      66,
      0.28469
    ],
    [
      67,
      0.2851
    ],
    [
      68,
      0.2841
    ],
    [
      69,
      0.28388
    ],
    [
      70,
      0.2839
    ],
    [
      71,
      0.28279
    ],
    [
      72,
      0.28281
    ],
    [
      73,
      0.28254
    ],
    [
      74,
      0.28317
    ],
    [
      75,
      0.28338
    ],
    [
      76,
      0.28289
    ],
    [
      77,
      0.28391
    ],
    [
      78,
      0.28316
    ],
    [
      79,
      0.28455
    ],
    [
      80,
      0.28269
    ],
    [
      81,
      0.28156
    ],
    [
      82,
      0.28219
    ],
    [
      83,
      0.28305
    ],
    [
      84,
      0.28273
    ],
    [
      85,
      0.28253
    ],
    [
      86,
      0.28274
    ],
    [
      87,
      0.28292
    ],
    [
      88,
      0.28399
    ],
    [
      89,
      0.28348
    ],
    [
      90,
      0.28359
    ],
    [
      91,
      0.28309
    ],
    [
      92,
      0.28302
    ],
    [
      93,
      0.2826
    ],
    [
      94,
      0.28524
    ],
    [
      95,
      0.28342
    ],
    [
      96,
      0.28309
    ],
    [
      97,
      0.28312
    ],
    [
      98,
      0.28221
    ],
    [
      99,
      0.28092
    ],
    [
      100,
      0.28144
    ]
  ],